City_ID,City,Lat,Lng,Max Temp,Humidity,Cloudiness,Wind Speed,Country,Date
0,mataura,-46.19,168.86,51.03,60,70,7.11,NZ,1597106795
1,hermanus,-34.42,19.23,44.01,96,0,13.76,ZA,1597106795
2,busselton,-33.65,115.33,57.0,91,95,16.28,AU,1597106795
3,cape town,-33.93,18.42,57.99,87,20,11.41,ZA,1597106796
4,pokhara,28.23,83.98,74.57,75,92,0.47,NP,1597106796
5,bluff,-46.6,168.33,49.62,70,91,31.38,NZ,1597106795
6,svetlogorsk,52.63,29.73,60.78,90,29,3.56,BY,1597106796
7,yellowknife,62.46,-114.35,62.6,88,90,3.36,CA,1597106501
8,vila do maio,15.13,-23.22,78.8,74,20,14.99,CV,1597106797
9,avarua,-21.21,-159.78,73.4,64,14,11.41,CK,1597106721
10,great yarmouth,52.61,1.73,68.0,96,100,11.32,GB,1597106797
11,port alfred,-33.59,26.89,56.26,76,0,10.76,ZA,1597106798
12,ushuaia,-54.8,-68.3,32.0,93,40,13.87,AR,1597106599
13,gizo,-8.1,156.84,83.17,73,98,6.69,SB,1597106798
14,hilo,19.73,-155.09,80.01,83,90,10.29,US,1597106623
15,askino,56.09,56.58,50.2,92,58,10.58,RU,1597106798
16,albany,42.6,-73.97,73.99,69,3,3.51,US,1597106799
17,kununurra,-15.77,128.73,78.8,28,0,3.36,AU,1597106799
18,barrow,71.29,-156.79,42.8,87,90,10.29,US,1597106702
19,saldanha,-33.01,17.94,42.8,87,69,3.36,ZA,1597106800
20,narsaq,60.92,-46.05,48.2,39,88,8.05,GL,1597106800
21,esperance,-33.87,121.9,55.4,82,90,21.92,AU,1597106800
22,san cristobal,7.77,-72.22,67.48,93,100,2.73,VE,1597106801
23,rikitea,-23.12,-134.97,70.09,72,60,21.05,PF,1597106587
24,sovetskiy,61.36,63.58,52.25,89,100,13.69,RU,1597106801
25,alenquer,-1.94,-54.74,82.4,83,0,4.7,BR,1597106799
26,vanimo,-2.67,141.3,86.88,60,54,3.51,PG,1597106802
27,pisco,-13.7,-76.22,60.8,82,2,11.41,PE,1597106802
28,port hedland,-20.32,118.57,69.8,64,0,12.75,AU,1597106802
29,punta arenas,-53.15,-70.92,32.0,89,100,5.82,CL,1597106618
30,luderitz,-26.65,15.16,50.0,93,0,8.05,NA,1597106803
31,mahebourg,-20.41,57.7,60.8,87,75,6.93,MU,1597106803
32,saskylakh,71.92,114.08,52.32,51,100,4.52,RU,1597106803
33,itarema,-2.92,-39.92,78.15,81,0,15.61,BR,1597106803
34,muli,2.92,73.57,82.08,77,100,12.1,MV,1597106804
35,klaksvik,62.23,-6.59,53.6,100,46,5.82,FO,1597106804
36,carnarvon,-24.87,113.63,62.6,100,75,8.05,AU,1597106804
37,east london,-33.02,27.91,58.06,58,0,8.7,ZA,1597106804
38,oktyabrskoye,43.06,44.74,66.2,93,100,6.71,RU,1597106805
39,pathein,16.78,94.73,79.65,89,100,4.85,MM,1597106805
40,jamestown,42.1,-79.24,78.8,65,1,5.82,US,1597106805
41,lashio,22.93,97.75,70.3,99,100,1.32,MM,1597106806
42,ola,59.58,151.28,60.73,66,100,5.64,RU,1597106806
43,cap-aux-meules,47.38,-61.86,69.8,88,20,9.17,CA,1597106806
44,kirakira,-10.45,161.92,84.85,68,100,10.13,SB,1597106806
45,kodiak,57.79,-152.41,66.2,42,1,11.41,US,1597106807
46,tamworth,52.63,-1.7,69.8,77,41,6.93,GB,1597106807
47,tuktoyaktuk,69.45,-133.04,51.8,71,75,2.24,CA,1597106808
48,kapaa,22.08,-159.32,86.0,66,75,14.99,US,1597106808
49,north bend,43.41,-124.22,62.6,77,1,31.09,US,1597106808
50,kutum,14.2,24.67,69.48,74,87,8.46,SD,1597106808
51,lethem,3.38,-59.8,77.63,83,100,5.39,GY,1597106809
52,saint-pierre,-21.34,55.48,68.0,45,90,11.41,RE,1597106809
53,wangkui,46.83,126.5,72.64,85,63,10.96,CN,1597106809
54,arraial do cabo,-22.97,-42.03,71.08,84,0,25.41,BR,1597106809
55,namibe,-15.2,12.15,61.0,90,31,3.62,AO,1597106810
56,monywa,22.12,95.13,79.7,85,100,10.36,MM,1597106810
57,kirensk,57.79,108.11,71.65,49,12,3.85,RU,1597106810
58,zyryanka,65.75,150.85,45.57,86,100,10.25,RU,1597106810
59,kualakapuas,-3.01,114.39,77.0,94,20,4.7,ID,1597106811
60,hithadhoo,-0.6,73.08,82.18,79,100,11.21,MV,1597106811
61,elizabeth city,36.29,-76.25,80.6,83,1,3.36,US,1597106797
62,mar del plata,-38.0,-57.56,46.4,49,0,13.87,AR,1597106811
63,qaanaaq,77.48,-69.36,39.22,67,0,3.31,GL,1597106811
64,upernavik,72.79,-56.15,40.78,80,100,5.08,GL,1597106812
65,uchaly,54.3,59.45,53.64,93,76,8.7,RU,1597106812
66,hami,42.8,93.45,73.35,51,0,9.01,CN,1597106812
67,abilene,32.45,-99.73,100.4,25,1,16.11,US,1597106813
68,dikson,73.51,80.55,38.19,88,100,20.74,RU,1597106813
69,castro,-24.79,-50.01,57.16,66,0,4.34,BR,1597106813
70,laguna,38.42,-121.42,93.2,28,1,11.41,US,1597106519
71,manyana,-23.4,21.72,51.98,35,0,6.78,BW,1597106814
72,vestmannaeyjar,63.44,-20.27,52.57,97,100,16.33,IS,1597106814
73,ponta do sol,32.67,-17.1,73.4,64,20,8.05,PT,1597106814
74,vaini,-21.2,-175.2,77.0,73,40,9.17,TO,1597106814
75,hofn,64.25,-15.21,52.84,96,100,9.6,IS,1597106815
76,airai,-8.93,125.41,71.26,74,0,2.21,TL,1597106815
77,ternate,0.8,127.4,81.27,79,76,7.09,ID,1597106815
78,dingle,11.0,122.67,85.26,71,99,3.62,PH,1597106815
79,haines junction,60.75,-137.51,54.18,61,100,7.16,CA,1597106816
80,muzaffarabad,34.37,73.47,74.68,70,100,3.78,PK,1597106816
81,kiknur,57.3,47.2,48.74,87,9,2.93,RU,1597106816
82,yichang,30.71,111.28,81.0,84,93,1.99,CN,1597106816
83,guarapari,-20.67,-40.5,75.99,83,75,4.7,BR,1597106817
84,yar-sale,66.83,70.83,53.26,96,100,4.43,RU,1597106817
85,port elizabeth,-33.92,25.57,51.8,76,0,4.7,ZA,1597106817
86,kieta,-6.22,155.63,85.1,63,100,2.57,PG,1597106818
87,bredasdorp,-34.53,20.04,42.8,93,0,3.36,ZA,1597106818
88,ilulissat,69.22,-51.1,39.2,91,88,2.24,GL,1597106818
89,kaitangata,-46.28,169.85,55.0,47,1,5.01,NZ,1597106818
90,kapoeta,4.77,33.59,72.7,71,0,3.78,SS,1597106819
91,torbay,47.67,-52.73,69.8,68,75,13.87,CA,1597106819
92,puerto ayora,-0.74,-90.35,69.01,90,65,1.99,EC,1597106819
93,beringovskiy,63.05,179.32,60.33,65,99,6.49,RU,1597106819
94,butaritari,3.07,172.79,82.42,76,96,10.76,KI,1597106820
95,tiksi,71.69,128.87,41.86,72,80,12.88,RU,1597106820
96,hasaki,35.73,140.83,91.4,63,40,12.75,JP,1597106820
97,kavieng,-2.57,150.8,84.24,66,18,2.64,PG,1597106820
98,necochea,-38.55,-58.74,42.67,64,0,27.4,AR,1597106820
99,artyom,40.47,50.33,69.8,83,0,6.93,AZ,1597106821
100,lerwick,60.15,-1.15,55.4,93,85,5.82,GB,1597106821
101,port macquarie,-31.43,152.92,61.0,73,41,1.01,AU,1597106821
102,jaru,-10.44,-62.47,79.3,40,0,0.72,BR,1597106821
103,nadym,65.53,72.52,63.18,69,2,8.5,RU,1597106822
104,tasiilaq,65.61,-37.64,39.2,93,100,18.34,GL,1597106822
105,cabo san lucas,22.89,-109.91,84.2,70,75,18.34,MX,1597106630
106,bahia honda,22.9,-83.16,81.1,88,22,8.57,CU,1597106822
107,sandnessjoen,66.02,12.63,53.6,93,95,2.24,NO,1597106822
108,baoma,31.49,106.11,81.59,84,100,7.18,CN,1597106823
109,ambon,-3.7,128.18,80.6,78,75,4.7,ID,1597106752
110,gwadar,25.12,62.33,84.83,84,100,8.16,PK,1597106823
111,nizhniy tsasuchey,50.52,115.13,63.84,81,100,9.78,RU,1597106823
112,menongue,-14.66,17.69,52.11,44,0,2.28,AO,1597106824
113,fortuna,40.6,-124.16,64.0,82,1,6.93,US,1597106818
114,nikolskoye,59.7,30.79,57.2,71,75,11.18,RU,1597106824
115,pemangkat,1.17,108.97,81.34,80,100,4.47,ID,1597106824
116,port augusta,-32.5,137.77,57.2,62,90,23.04,AU,1597106825
117,lebu,-37.62,-73.65,44.47,73,0,11.52,CL,1597106825
118,ancud,-41.87,-73.82,37.4,93,20,4.7,CL,1597106825
119,phan thiet,10.93,108.1,81.37,80,100,8.39,VN,1597106535
120,litovko,49.24,135.17,71.28,90,100,3.78,RU,1597106826
121,luwuk,-0.95,122.79,82.4,72,53,5.06,ID,1597106826
122,sisimiut,66.94,-53.67,41.59,80,98,12.62,GL,1597106826
123,florianopolis,-27.61,-48.5,68.0,88,0,9.17,BR,1597106826
124,coquimbo,-29.95,-71.34,53.6,87,100,3.36,CL,1597106827
125,cabedelo,-6.98,-34.83,73.4,94,75,5.82,BR,1597106827
126,okakarara,-20.58,17.43,53.46,37,0,6.22,NA,1597106827
127,pevek,69.7,170.31,36.82,95,100,15.08,RU,1597106828
128,georgetown,5.41,100.34,82.4,88,20,2.24,MY,1597106597
129,ilo,-17.64,-71.34,57.51,79,55,3.8,PE,1597106828
130,vastseliina,57.73,27.29,50.0,87,0,4.47,EE,1597106828
131,bethel,41.37,-73.41,82.4,69,20,5.82,US,1597106545
132,avera,33.19,-82.53,73.4,80,1,8.05,US,1597106829
133,hirara,24.8,125.28,86.0,84,75,17.22,JP,1597106829
134,chokurdakh,70.63,147.92,46.96,56,91,9.24,RU,1597106829
135,hobart,-42.88,147.33,44.6,65,20,10.29,AU,1597106799
136,dalton,34.77,-84.97,75.2,88,1,3.33,US,1597106587
137,huarmey,-10.07,-78.15,61.05,81,2,7.45,PE,1597106830
138,bandarbeyla,9.49,50.81,75.65,64,61,32.44,SO,1597106830
139,sheridan,44.83,-106.92,87.8,18,1,1.79,US,1597106830
140,pitimbu,-7.47,-34.81,73.4,94,75,5.82,BR,1597106831
141,aurillac,44.92,2.45,64.99,77,100,8.05,FR,1597106685
142,rosarito,32.33,-117.03,73.99,69,5,12.75,MX,1597106831
143,chuy,-33.7,-53.46,53.38,84,100,8.34,UY,1597106832
144,acapulco,16.86,-99.89,86.0,74,75,8.05,MX,1597106584
145,sola,-13.88,167.55,84.2,74,40,5.82,VU,1597106832
146,povenets,62.85,34.83,51.89,90,100,20.69,RU,1597106832
147,sharjah,25.36,55.4,95.0,79,2,3.36,AE,1597106563
148,mount gambier,-37.83,140.77,53.6,71,100,18.34,AU,1597106833
149,seymour,38.96,-85.89,84.0,78,40,3.36,US,1597106833
150,ashland,40.82,-82.27,82.4,58,1,11.41,US,1597106566
151,waipawa,-41.41,175.52,59.0,67,14,20.8,NZ,1597106834
152,saint-philippe,-21.36,55.77,68.0,45,90,11.41,RE,1597106834
153,tiznit,29.58,-9.5,69.91,75,0,1.74,MA,1597106827
154,ust-kuyga,70.02,135.6,48.87,51,0,10.11,RU,1597106834
155,clyde river,70.47,-68.59,41.0,86,90,12.75,CA,1597106835
156,bambous virieux,-20.34,57.76,60.8,87,75,6.93,MU,1597106835
157,pangnirtung,66.15,-65.71,46.24,59,74,2.91,CA,1597106835
158,new norfolk,-42.78,147.06,43.0,84,96,1.01,AU,1597106836
159,fairbanks,64.84,-147.72,62.6,51,90,11.41,US,1597106618
160,lake cowichan,48.83,-124.05,75.2,47,40,6.93,CA,1597106836
161,faanui,-16.48,-151.75,77.99,64,0,5.79,PF,1597106836
162,bonoua,5.27,-3.6,75.2,94,20,5.82,CI,1597106837
163,japura,-0.32,102.35,78.96,86,98,2.26,ID,1597106837
164,lompoc,34.64,-120.46,68.0,68,1,12.75,US,1597106739
165,half moon bay,37.46,-122.43,78.8,87,90,10.29,US,1597106837
166,khatanga,71.97,102.5,49.41,62,12,4.94,RU,1597106838
167,togur,58.36,82.83,64.51,70,0,7.18,RU,1597106838
168,polyarnyy,69.2,33.45,48.2,93,40,4.47,RU,1597106838
169,dunmore town,25.5,-76.65,84.04,70,0,8.9,BS,1597106838
170,ostrovnoy,68.05,39.51,49.08,86,99,6.13,RU,1597106839
171,dire,12.28,-10.97,73.33,96,100,2.33,ML,1597106839
172,panzhihua,26.59,101.71,75.4,75,100,2.21,CN,1597106839
173,fuyu,45.18,124.82,77.97,58,33,9.8,CN,1597106839
174,buraydah,26.33,43.98,80.6,28,0,5.82,SA,1597106800
175,rocha,-34.48,-54.33,52.36,61,100,14.88,UY,1597106840
176,goulburn,-34.75,149.72,48.0,82,0,6.4,AU,1597106840
177,jumla,29.27,82.18,63.68,70,100,0.54,NP,1597106840
178,tuatapere,-46.13,167.68,51.75,58,91,9.95,NZ,1597106841
179,aripuana,-9.17,-60.63,78.49,38,0,0.87,BR,1597106841
180,saint-ambroise,48.55,-71.33,75.2,69,75,6.93,CA,1597106841
181,sinnamary,5.38,-52.95,78.96,83,33,9.1,GF,1597106842
182,sorland,67.67,12.69,44.6,93,99,1.12,NO,1597106842
183,lucea,18.45,-78.17,84.2,83,20,14.99,JM,1597106842
184,odweyne,9.41,45.06,73.33,59,73,11.99,SO,1597106842
185,margate,51.38,1.39,70.0,84,100,1.99,GB,1597106843
186,tokur,53.13,132.9,66.09,83,40,4.43,RU,1597106843
187,kismayo,-0.36,42.55,75.04,78,4,16.2,SO,1597106843
188,tezpur,26.63,92.8,79.86,90,100,1.52,IN,1597106843
189,canto do buriti,-8.11,-42.94,73.87,49,0,4.94,BR,1597106844
190,zhezkazgan,47.8,67.71,59.0,58,75,13.42,KZ,1597106844
191,stromness,58.97,-3.3,53.6,100,100,2.24,GB,1597106844
192,russell,32.35,-85.2,77.0,83,90,14.99,US,1597106751
193,gat,31.61,34.76,77.0,73,20,3.36,IL,1597106643
194,komsomolskiy,40.43,71.72,73.4,64,90,4.7,UZ,1597106845
195,yumen,40.28,97.2,72.86,25,100,22.03,CN,1597106845
196,sabang,5.89,95.32,83.79,76,72,16.33,ID,1597106845
197,yungay,-9.14,-77.74,60.93,43,42,2.21,PE,1597106845
198,lamu,-2.27,40.9,74.66,81,9,12.91,KE,1597106846
199,san jeronimo,-11.95,-75.28,52.3,60,82,1.74,PE,1597106846
200,provideniya,64.38,-173.3,51.8,87,90,8.95,RU,1597106846
201,rock sound,24.9,-76.2,83.52,71,0,10.63,BS,1597106846
202,erenhot,43.65,111.98,75.29,28,0,4.03,CN,1597106847
203,havoysund,71.0,24.66,50.0,81,100,10.29,NO,1597106847
204,mora,11.05,14.14,74.28,84,100,2.55,CM,1597106847
205,mogadishu,2.04,45.34,74.98,80,72,17.96,SO,1597106847
206,mayumba,-3.43,10.66,71.74,86,0,3.51,GA,1597106847
207,bilma,18.69,12.92,89.04,42,95,8.81,NE,1597106848
208,souillac,-20.52,57.52,60.8,87,75,6.93,MU,1597106848
209,adrar,20.5,-10.07,93.81,28,23,9.1,MR,1597106848
210,la ciotat,43.17,5.6,75.0,95,66,3.0,FR,1597106849
211,ratnagiri,16.98,73.3,78.24,85,100,4.65,IN,1597106668
212,luganville,-15.53,167.17,80.6,74,75,2.24,VU,1597106849
213,yulara,-25.24,130.99,64.4,77,3,9.17,AU,1597106849
214,penarroya-pueblonuevo,38.3,-5.27,80.6,61,4,3.36,ES,1597106850
215,kushiro,42.98,144.37,77.0,88,75,5.82,JP,1597106850
216,amaraji,-8.38,-35.45,75.2,83,40,11.41,BR,1597106850
217,maues,-3.38,-57.72,79.84,55,2,2.35,BR,1597106851
218,akyab,20.15,92.9,80.02,90,100,7.31,MM,1597106851
219,batagay-alyta,67.8,130.41,47.89,58,59,4.34,RU,1597106851
220,diffa,13.32,12.61,77.25,77,100,8.41,NE,1597106851
221,thompson,55.74,-97.86,60.8,82,75,11.41,CA,1597106741
222,geraldton,-28.77,114.6,59.0,87,75,11.41,AU,1597106583
223,fare,-16.7,-151.02,78.53,67,0,5.77,PF,1597106852
224,nioro,13.35,-15.75,74.14,96,100,4.94,GM,1597106852
225,norman wells,65.28,-126.83,64.4,82,75,3.36,CA,1597106852
226,eyl,7.98,49.82,76.06,60,100,30.29,SO,1597106853
227,laela,-8.57,32.05,53.11,54,0,3.74,TZ,1597106853
228,tongzi,28.78,105.09,85.01,77,100,3.15,CN,1597106853
229,taoudenni,22.68,-3.98,95.13,11,0,9.8,ML,1597106853
230,praia da vitoria,38.73,-27.07,69.8,83,20,11.61,PT,1597106854
231,richards bay,-28.78,32.04,58.44,67,0,5.53,ZA,1597106854
232,batagay,67.63,134.63,47.7,58,98,4.52,RU,1597106854
233,samara,53.0,50.0,55.4,82,40,8.95,RU,1597106854
234,praya,14.92,-23.51,78.8,74,20,14.99,CV,1597106686
235,gashua,12.87,11.05,74.97,86,97,11.54,NG,1597106855
236,emerald,-23.53,148.17,60.8,51,0,6.93,AU,1597106855
237,osa,57.28,55.46,47.23,87,0,8.12,RU,1597106855
238,kloulklubed,7.04,134.26,84.2,79,75,4.7,PW,1597106855
239,lorengau,-2.02,147.27,85.15,64,5,2.39,PG,1597106855
240,dickinson,29.46,-95.05,88.0,79,0,1.01,US,1597106856
241,abu zabad,12.35,29.25,74.61,84,100,9.69,SD,1597106856
242,maldonado,-34.67,-54.92,54.0,71,2,11.41,UY,1597106856
243,honningsvag,70.98,25.97,50.77,84,81,12.97,NO,1597106856
244,lasa,46.62,10.7,53.01,100,59,2.24,IT,1597106857
245,constitucion,-35.33,-72.42,47.05,58,0,17.18,CL,1597106857
246,atuona,-9.8,-139.03,79.38,65,0,17.92,PF,1597106857
247,changde,29.05,111.68,82.38,88,100,6.58,CN,1597106857
248,liverpool,53.41,-2.98,68.0,88,75,10.29,GB,1597106769
249,muros,42.78,-9.06,69.01,79,100,1.99,ES,1597106858
250,college,64.86,-147.8,62.6,51,90,12.75,US,1597106858
251,balangiga,11.11,125.39,84.85,71,32,7.18,PH,1597106858
252,broome,42.25,-75.83,73.99,83,1,4.61,US,1597106858
253,cidreira,-30.18,-50.21,66.87,73,0,5.57,BR,1597106858
254,olot,42.18,2.49,73.99,90,40,1.01,ES,1597106859
255,bukachacha,52.98,116.92,67.32,64,2,6.64,RU,1597106859
256,krasnyy chikoy,50.36,108.75,63.14,70,0,2.51,RU,1597106859
257,bayanday,53.07,105.51,64.45,65,53,1.77,RU,1597106859
258,taksimo,56.34,114.88,68.47,61,77,0.98,RU,1597106860
259,itoman,26.12,127.67,86.0,84,75,16.11,JP,1597106860
260,hovd,48.01,91.64,64.63,45,1,1.5,MN,1597106860
261,baiyin,36.56,104.21,68.0,100,40,2.24,CN,1597106860
262,lede,50.96,3.95,75.0,42,99,3.02,BE,1597106860
263,goure,13.98,10.27,75.0,89,100,1.99,NE,1597106861
264,lichuan,30.3,108.85,74.59,81,100,4.79,CN,1597106861
265,wanning,18.8,110.4,86.11,74,100,9.08,CN,1597106861
266,basco,20.45,121.97,84.74,80,100,15.12,PH,1597106861
267,codrington,-38.27,141.97,53.74,72,100,15.75,AU,1597106862
268,krasnoselkup,65.7,82.47,61.12,72,70,14.09,RU,1597106862
269,touros,-5.2,-35.46,73.4,83,46,6.93,BR,1597106862
270,te anau,-45.42,167.72,48.42,66,10,6.06,NZ,1597106862
271,isangel,-19.55,169.27,84.2,70,20,9.17,VU,1597106862
272,yuzhnouralsk,54.44,61.25,57.42,92,100,16.13,RU,1597106863
273,rawson,-43.3,-65.1,43.56,55,0,22.5,AR,1597106863
274,lagoa,39.05,-27.98,69.55,73,96,14.41,PT,1597106864
275,mogzon,51.74,111.96,59.13,88,100,2.08,RU,1597106864
276,bocanda,7.06,-4.5,69.78,94,100,6.13,CI,1597106864
277,salalah,17.02,54.09,78.8,88,75,4.7,OM,1597106864
278,ballina,-28.87,153.57,66.99,59,78,16.11,AU,1597106865
279,iskateley,67.68,53.15,45.84,88,100,10.76,RU,1597106865
280,grand baie,-20.02,57.58,60.8,87,75,6.93,MU,1597106865
281,la cruz,23.92,-106.9,84.85,73,69,4.36,MX,1597106865
282,macamic,48.75,-79.0,80.6,61,75,10.29,CA,1597106866
283,manta,-0.95,-80.73,73.4,78,20,8.05,EC,1597106866
284,ca mau,9.18,105.15,81.19,82,100,4.88,VN,1597106866
285,san jorge,-31.9,-61.86,54.0,28,58,3.0,AR,1597106866
286,saint anthony,45.02,-93.22,78.8,31,1,8.05,US,1597106866
287,czluchow,53.67,17.36,62.01,84,0,3.0,PL,1597106867
288,yarkovo,57.4,67.08,62.13,98,98,5.23,RU,1597106867
289,padang,-0.95,100.35,80.87,65,100,3.09,ID,1597106867
290,nome,64.5,-165.41,55.0,76,20,10.29,US,1597106867
291,krasnoshchekovo,51.67,82.73,65.93,78,97,4.99,RU,1597106867
292,portland,45.52,-122.68,90.0,35,1,11.41,US,1597106613
293,deloraine,-41.53,146.67,51.01,75,90,4.7,AU,1597106868
294,luan,46.36,6.98,66.2,88,95,2.24,CH,1597106868
295,bowen,-20.02,148.23,73.99,68,0,6.93,AU,1597106868
296,rincon,32.3,-81.24,82.4,69,75,6.93,US,1597106868
297,nelson bay,-32.72,152.15,60.8,67,40,8.05,AU,1597106869
298,champerico,14.3,-91.92,86.0,74,40,6.93,GT,1597106869
299,kahului,20.89,-156.47,89.6,46,20,23.04,US,1597106869
300,siocon,7.71,122.14,86.04,67,11,4.68,PH,1597106869
301,mecca,21.43,39.83,86.07,51,75,2.06,SA,1597106870
302,kirkuk,35.47,44.39,76.77,35,0,5.64,IQ,1597106870
303,bozoum,6.32,16.38,67.8,94,100,3.22,CF,1597106871
304,sabla,12.75,4.71,77.07,80,100,10.18,NG,1597106871
305,nhulunbuy,-12.23,136.77,78.8,54,20,9.17,AU,1597106871
306,kaeo,-35.1,173.78,61.0,3,100,10.0,NZ,1597106871
307,urumqi,43.8,87.6,77.0,36,29,6.71,CN,1597106872
308,vao,-22.67,167.48,70.59,78,6,19.98,NC,1597106872
309,vaasa,63.1,21.62,57.99,93,82,2.24,FI,1597106872
310,marawi,8.0,124.29,82.99,70,100,3.0,PH,1597106872
311,urambo,-5.07,32.05,60.96,44,0,2.89,TZ,1597106873
312,iqaluit,63.75,-68.51,42.8,75,75,5.82,CA,1597106685
313,port keats,-14.25,129.55,82.02,51,0,5.1,AU,1597106873
314,nizhnyaya poyma,56.16,97.19,67.93,59,0,2.75,RU,1597106874
315,bilibino,68.05,166.44,49.14,77,100,5.64,RU,1597106874
316,palauig,15.44,119.9,85.42,68,100,9.17,PH,1597106874
317,ahipara,-35.17,173.17,58.68,89,100,11.18,NZ,1597106874
318,dunedin,-45.87,170.5,48.99,77,51,10.0,NZ,1597106874
319,almaznyy,48.04,40.05,62.6,63,0,4.47,RU,1597106875
320,saint george,37.1,-113.58,102.0,6,1,12.75,US,1597106863
321,baneh,36.0,45.89,57.22,67,0,1.34,IR,1597106875
322,kinablangan,7.69,126.55,83.66,69,68,2.24,PH,1597106875
323,mafinga,-7.25,35.07,59.43,74,0,2.51,TZ,1597106876
324,valley city,46.92,-98.0,77.0,33,1,8.05,US,1597106876
325,san quintin,30.48,-115.95,72.45,66,0,13.29,MX,1597106876
326,port blair,11.67,92.75,82.42,82,100,16.55,IN,1597106876
327,ankang,32.68,109.02,82.85,73,100,2.98,CN,1597106877
328,dubbo,-32.25,148.62,55.4,62,10,10.29,AU,1597106877
329,morondava,-20.28,44.28,67.08,82,1,10.98,MG,1597106877
330,cotonou,6.37,2.42,74.39,84,100,11.83,BJ,1597106877
331,tinaquillo,9.92,-68.3,71.74,94,98,1.66,VE,1597106877
332,murgab,37.5,61.97,75.2,47,0,6.93,TM,1597106878
333,mehamn,71.04,27.85,50.02,86,91,14.29,NO,1597106878
334,xuddur,4.12,43.89,69.91,63,49,17.92,SO,1597106878
335,nanortalik,60.14,-45.24,40.86,80,83,11.14,GL,1597106879
336,darhan,49.49,105.92,64.0,68,2,3.87,MN,1597106879
337,harboore,56.62,8.18,60.01,38,0,9.08,DK,1597106879
338,saint-joseph,-21.37,55.62,68.0,45,90,11.41,RE,1597106879
339,talnakh,69.49,88.4,50.0,100,90,4.47,RU,1597106880
340,port hardy,50.7,-127.42,64.4,59,20,16.11,CA,1597106684
341,karratha,-20.74,116.85,68.47,55,5,8.16,AU,1597106759
342,freeport,40.66,-73.58,81.0,74,1,13.87,US,1597106801
343,micheweni,-4.97,39.83,73.04,85,12,7.96,TZ,1597106881
344,vangaindrano,-23.35,47.6,59.29,88,0,3.4,MG,1597106881
345,petropavlovsk-kamchatskiy,53.05,158.65,68.0,56,20,4.47,RU,1597106621
346,coihaique,-45.58,-72.07,41.0,56,75,10.29,CL,1597106881
347,mahibadhoo,3.78,72.97,82.4,77,100,9.93,MV,1597106882
348,grindavik,63.84,-22.43,51.8,100,90,18.34,IS,1597106882
349,san miguel,13.48,-88.18,80.6,100,40,0.89,SV,1597106828
350,clyde,41.3,-82.98,84.2,58,1,8.05,US,1597106714
351,sao filipe,14.9,-24.5,76.26,80,15,6.69,CV,1597106882
352,kamenka,51.32,42.77,54.0,77,0,3.0,RU,1597106883
353,olafsvik,64.89,-23.71,51.67,95,100,12.8,IS,1597106883
354,anadyr,64.75,177.48,64.4,59,69,13.42,RU,1597106883
355,koriyama,37.4,140.38,91.0,74,28,5.82,JP,1597106883
356,estancia,-11.27,-37.44,77.0,69,20,6.93,BR,1597106884
357,pryozerne,45.27,36.33,75.07,62,43,8.9,UA,1597106884
358,berlevag,70.86,29.09,50.5,87,96,13.8,NO,1597106884
359,beyneu,45.32,55.2,68.2,61,0,11.56,KZ,1597106884
360,kasongo-lunda,-6.47,16.82,68.54,75,0,3.71,CD,1597106885
361,pangai,-19.8,-174.35,78.8,65,20,13.87,TO,1597106885
362,northam,51.03,-4.22,63.0,96,0,3.0,GB,1597106885
363,santiago del estero,-27.8,-64.26,65.64,25,100,16.46,AR,1597106886
364,bima,-8.47,118.72,85.19,62,3,4.23,ID,1597106886
365,verkhoyansk,67.54,133.38,52.27,47,24,4.47,RU,1597106886
366,korla,41.76,86.15,68.0,94,1,1.99,CN,1597106886
367,los llanos de aridane,28.66,-17.92,73.4,73,0,13.87,ES,1597106887
368,paraisopolis,-22.55,-45.78,60.8,67,0,2.24,BR,1597106887
369,bengkulu,-3.8,102.27,77.74,89,91,4.0,ID,1597106871
370,pringsewu,-5.36,104.97,77.43,88,100,1.48,ID,1597106887
371,skjold,55.8,9.94,69.01,100,0,4.7,DK,1597106888
372,malinao,7.59,124.69,77.83,71,17,2.93,PH,1597106888
373,devils lake,48.11,-98.87,75.2,31,1,13.87,US,1597106888
374,altamira,-3.2,-52.21,77.22,60,0,2.39,BR,1597106888
375,la ronge,55.1,-105.28,71.6,43,40,14.99,CA,1597106889
376,burnie,-41.07,145.92,51.01,66,100,4.0,AU,1597106621
377,novobirilyussy,56.95,90.67,65.91,61,0,6.67,RU,1597106889
378,oum hadjer,13.3,19.7,74.73,79,100,5.86,TD,1597106889
379,cockburn town,21.46,-71.14,82.36,81,58,18.16,TC,1597106889
380,puerto lopez,4.08,-72.96,70.43,87,96,0.89,CO,1597106890
381,kayanga,-1.53,31.15,59.76,75,47,1.05,TZ,1597106890
382,dalian,38.91,121.6,78.8,83,0,8.95,CN,1597106680
383,inongo,-1.95,18.27,70.97,78,93,2.26,CD,1597106890
384,victoria,22.29,114.16,86.0,74,90,8.99,HK,1597106837
385,gaithersburg,39.14,-77.2,82.99,69,1,8.05,US,1597106891
386,port shepstone,-30.74,30.45,56.3,66,0,8.16,ZA,1597106892
387,barabai,-2.58,115.38,80.6,84,76,2.01,ID,1597106892
388,tezu,27.92,96.17,76.69,86,100,2.1,IN,1597106892
389,zhanakorgan,43.91,67.25,64.56,42,0,2.68,KZ,1597106892
390,pacific grove,36.62,-121.92,72.0,60,1,11.41,US,1597106611
391,uray,60.12,64.78,58.1,93,100,12.64,RU,1597106893
392,pskov,57.81,28.35,50.0,87,0,4.47,RU,1597106893
393,kefamenanu,-9.45,124.48,82.33,60,9,3.38,ID,1597106894
394,west bay,19.37,-81.42,86.0,79,20,12.75,KY,1597106894
395,tashtyp,52.79,89.9,62.8,82,85,1.74,RU,1597106894
396,ambulu,-8.35,113.61,79.68,75,5,0.47,ID,1597106894
397,nisia floresta,-6.09,-35.21,73.4,83,0,10.29,BR,1597106894
398,paka,4.64,103.44,81.32,85,100,4.5,MY,1597106895
399,cherskiy,68.75,161.3,45.28,64,76,8.77,RU,1597106895
400,bayan,46.08,127.4,75.0,86,35,10.09,CN,1597106895
401,alice springs,-23.7,133.88,64.4,27,75,14.99,AU,1597106706
402,santa lucia,27.91,-15.54,73.4,73,40,23.04,ES,1597106896
403,tautira,-17.73,-149.15,82.4,61,40,17.22,PF,1597106896
404,buchanan,5.88,-10.05,75.2,94,75,5.82,LR,1597106896
405,stornoway,58.21,-6.39,55.0,93,90,3.36,GB,1597106897
406,klaebu,63.3,10.48,55.0,93,0,6.93,NO,1597106897
407,san javier,37.81,-0.84,79.0,83,100,3.36,ES,1597106897
408,aureliana,10.89,121.98,85.66,64,97,1.25,PH,1597106897
409,manokwari,-0.87,134.08,84.52,66,20,5.61,ID,1597106898
410,duldurga,50.68,113.59,59.13,91,100,4.16,RU,1597106898
411,beloha,-25.17,45.05,58.51,90,4,3.56,MG,1597106898
412,julio de castilhos,-29.23,-53.68,82.4,37,100,12.75,BR,1597106899
413,kathu,7.92,98.33,82.4,88,40,4.7,TH,1597106899
414,macusani,-14.08,-70.43,36.97,78,0,3.65,PE,1597106899
415,loudi,27.73,111.99,82.29,86,4,6.17,CN,1597106899
416,kota bahru,6.13,102.24,78.8,94,20,2.24,MY,1597106900
417,scottsbluff,41.87,-103.67,84.2,39,0,11.41,US,1597106900
418,comodoro rivadavia,-45.87,-67.5,44.6,45,0,17.22,AR,1597106605
419,pucara,-15.98,-71.46,37.83,48,0,1.86,PE,1597106900
420,nador,35.17,-2.93,78.8,88,100,3.36,MA,1597106901
421,teya,60.38,92.63,70.57,45,0,1.43,RU,1597106901
422,marzuq,14.4,46.47,84.06,31,100,3.13,YE,1597106901
423,disna,55.57,28.2,54.03,85,0,7.18,BY,1597106901
424,walla walla,46.06,-118.34,93.99,16,1,7.34,US,1597106676
425,beni,0.5,29.47,62.13,100,100,0.98,CD,1597106902
426,ixtapa,20.7,-105.2,88.0,70,75,6.93,MX,1597106902
427,anloga,5.79,0.9,75.2,88,40,9.17,GH,1597106902
428,shimoda,34.67,138.95,88.0,89,75,18.34,JP,1597106902
429,yambio,4.57,28.4,66.18,96,37,0.76,SS,1597106903
430,impfondo,1.64,18.07,72.55,80,100,0.96,CG,1597106903
431,kimbe,-5.55,150.14,85.28,71,100,2.37,PG,1597106903
432,dali,25.7,100.18,64.63,86,100,4.07,CN,1597106903
433,agirish,61.92,63.02,49.8,96,100,11.41,RU,1597106904
434,carauari,-4.88,-66.9,79.92,62,30,2.53,BR,1597106631
435,venustiano carranza,19.43,-99.1,68.0,56,90,5.82,MX,1597106904
436,meulaboh,4.14,96.13,80.15,75,100,2.35,ID,1597106904
437,aklavik,68.22,-135.01,53.6,71,90,6.93,CA,1597106905
438,kruisfontein,-34.0,24.73,47.08,72,0,8.01,ZA,1597106905
439,ribeira grande,38.52,-28.7,70.12,78,4,15.99,PT,1597106905
440,aginskoye,51.1,114.53,62.87,85,100,6.73,RU,1597106905
441,west des moines,41.57,-93.75,78.8,57,20,10.29,US,1597106902
442,taltal,-25.4,-70.48,56.19,75,13,1.1,CL,1597106884
443,changping,40.22,116.22,84.99,74,0,4.47,CN,1597106906
444,camocim,-2.9,-40.84,76.8,81,0,10.98,BR,1597106906
445,kentau,43.52,68.51,68.27,32,0,7.63,KZ,1597106907
446,bereda,43.27,-7.54,64.0,94,100,8.01,ES,1597106907
447,san patricio,19.22,-104.7,86.0,74,75,11.41,MX,1597106907
448,malokaterynivka,47.65,35.25,73.4,49,68,6.71,UA,1597106907
449,narok,-1.08,35.86,55.0,82,2,2.51,KE,1597106908
450,sitka,57.05,-135.33,55.4,82,90,10.29,US,1597106908
451,lusambo,-4.97,23.45,71.58,75,0,1.81,CD,1597106908
452,novyy urgal,51.07,132.56,73.49,72,19,4.05,RU,1597106908
453,guerrero negro,27.98,-114.06,77.05,55,0,13.53,MX,1597106908
454,port lincoln,-34.73,135.87,58.15,71,76,19.55,AU,1597106909
455,hyeres,43.12,6.12,75.0,88,47,3.36,FR,1597106909
456,auburn,47.31,-122.23,82.99,42,20,6.93,US,1597106870
457,vardo,70.37,31.11,51.39,85,96,14.2,NO,1597106909
458,alofi,-19.06,-169.92,77.0,65,75,19.46,NU,1597106749
459,mandeville,18.04,-77.51,84.2,83,20,14.99,JM,1597106910
460,juneau,58.3,-134.42,53.6,93,90,13.87,US,1597106910
461,buala,-8.14,159.59,76.89,89,100,4.9,SB,1597106911
462,jiexiu,37.02,111.91,80.13,56,100,1.88,CN,1597106911
463,tabou,4.42,-7.35,74.95,84,100,10.65,CI,1597106911
464,dobre miasto,53.99,20.4,64.4,100,67,6.93,PL,1597106911
465,namatanai,-3.67,152.43,85.51,64,55,0.78,PG,1597106912
466,chita,52.03,113.55,68.0,72,40,2.24,RU,1597106706
467,kamloops,50.67,-120.32,78.8,31,75,4.7,CA,1597106912
468,nalut,30.33,10.85,77.88,53,0,20.49,LY,1597106912
469,saiha,22.48,92.97,72.93,94,100,2.39,IN,1597106913
470,alugan,12.22,125.48,84.51,74,89,9.13,PH,1597106913
471,lithakia,37.72,20.83,69.8,77,0,4.63,GR,1597106913
472,inirida,3.87,-67.92,73.09,98,80,2.44,CO,1597106914
473,tazovskiy,67.47,78.7,54.55,83,0,15.86,RU,1597106914
474,praia,14.92,-23.51,78.8,74,20,14.99,CV,1597106765
475,farah,32.5,62.5,69.78,24,0,6.87,AF,1597106915
476,evensk,61.95,159.23,56.43,77,3,9.51,RU,1597106915
477,carutapera,-1.2,-46.02,77.22,85,2,5.82,BR,1597106915
478,kultayevo,57.89,55.94,50.0,100,0,6.71,RU,1597106916
479,dir,35.21,71.88,70.99,64,0,3.38,PK,1597106916
480,loutros,40.59,22.4,73.99,67,38,1.01,GR,1597106916
481,kavaratti,10.57,72.64,81.72,78,100,21.65,IN,1597106917
482,amapa,1.0,-52.0,72.73,96,0,2.59,BR,1597106917
483,nenjiang,49.18,125.22,66.24,82,97,4.27,CN,1597106917
484,boden,65.83,21.69,50.0,93,0,3.36,SE,1597106917
485,general roca,-39.03,-67.58,44.6,39,0,11.41,AR,1597106918
486,raudeberg,61.99,5.14,60.8,87,53,4.7,NO,1597106918
487,espanola,35.99,-106.08,87.01,9,1,10.29,US,1597106827
488,palmas,-10.21,-48.36,78.8,57,0,8.05,BR,1597106918
489,ojinaga,29.57,-104.42,100.4,21,40,13.87,MX,1597106919
490,guadalupe y calvo,26.1,-106.97,62.15,92,100,2.19,MX,1597106919
491,katsuura,35.13,140.3,93.2,59,75,17.22,JP,1597106919
492,werota,11.92,37.7,59.5,83,99,2.53,ET,1597106919
493,jega,12.22,4.38,76.77,82,100,8.39,NG,1597106919
494,maraa,-1.83,-65.37,74.84,92,50,2.08,BR,1597106920
495,holme,56.11,10.17,66.2,88,0,4.7,DK,1597106920
496,kudahuvadhoo,2.67,72.89,82.13,78,100,10.74,MV,1597106920
497,leningradskiy,69.38,178.42,58.57,57,100,10.38,RU,1597106920
498,brazzaville,-4.27,15.28,71.6,83,0,1.12,CG,1597106652
499,baykit,61.67,96.37,74.55,45,0,0.92,RU,1597106653
500,mahanoro,-19.9,48.8,60.33,83,0,4.27,MG,1597106921
501,terrace,54.52,-128.6,59.0,77,75,10.29,CA,1597106921
502,nyurba,63.28,118.33,55.98,95,100,6.38,RU,1597106922
503,camacha,33.08,-16.33,71.6,78,20,10.29,PT,1597106922
504,srednekolymsk,67.45,153.68,49.53,53,100,4.99,RU,1597106922
505,mundi,22.07,76.5,75.79,93,100,10.89,IN,1597106923
506,coahuayana,18.73,-103.68,80.6,78,40,11.41,MX,1597106923
507,carsamba,41.2,36.72,73.4,64,75,8.05,TR,1597106923
508,chapais,49.78,-74.85,75.2,73,75,10.29,CA,1597106923
509,krasnozerskoye,53.98,79.24,65.73,82,1,8.46,RU,1597106924
510,caravelas,-17.71,-39.25,69.33,89,11,4.76,BR,1597106924
511,vostok,46.49,135.88,70.72,85,100,3.02,RU,1597106924
512,malpe,13.35,74.72,77.0,88,90,4.7,IN,1597106924
513,azare,11.68,10.19,72.72,85,100,7.4,NG,1597106925
514,placido de castro,-10.34,-67.19,79.52,52,0,1.52,BR,1597106925
515,port-gentil,-0.72,8.78,75.22,84,100,13.87,GA,1597106925
516,bentiu,9.23,29.83,71.1,92,100,4.94,SS,1597106925
517,verkhnevilyuysk,63.45,120.32,51.01,94,100,3.4,RU,1597106926
518,bethanien,-26.5,17.16,47.52,47,0,5.46,NA,1597106926
519,yemtsa,63.07,40.33,51.6,97,100,9.84,RU,1597106926
520,vila velha,-20.33,-40.29,75.99,83,75,4.7,BR,1597106926
521,biak,-0.91,122.88,80.94,76,47,5.57,ID,1597106927
522,mpika,-11.83,31.45,52.65,43,0,5.19,ZM,1597106927
523,husavik,66.04,-17.34,59.0,67,100,17.22,IS,1597106927
524,kalmunai,7.42,81.82,79.86,76,60,3.58,LK,1597106928
525,auki,-8.77,160.7,86.85,58,100,3.0,SB,1597106928
526,sao raimundo das mangabeiras,-7.02,-45.48,77.04,41,34,2.53,BR,1597106928
527,lavrentiya,65.58,-171.0,53.04,68,0,9.95,RU,1597106928
528,tecoanapa,16.52,-98.75,83.44,78,100,4.7,MX,1597106929
529,balaipungut,1.05,101.28,78.8,78,100,2.33,ID,1597106929
530,damietta,31.42,31.81,75.58,81,52,6.55,EG,1597106929
531,manzhouli,49.6,117.43,61.93,83,100,6.71,CN,1597106929
532,ledyard,41.44,-72.01,79.0,88,1,10.29,US,1597106930
533,tilichiki,60.47,166.1,54.68,78,100,7.65,RU,1597106930
534,trinidad,-14.83,-64.9,79.39,47,0,2.66,BO,1597106766
535,mabaruma,8.2,-59.78,76.37,89,19,2.46,GY,1597106930
536,tual,-5.67,132.75,78.69,84,84,15.08,ID,1597106931
537,tatawin,32.93,10.45,75.2,73,0,4.7,TN,1597106931
538,opportunity,47.65,-117.24,89.6,15,1,19.46,US,1597106931
539,surt,31.21,16.59,78.33,82,9,10.58,LY,1597106931
540,taraz,42.9,71.37,69.8,37,75,6.71,KZ,1597106932
541,kunya,12.22,8.53,71.6,94,100,8.05,NG,1597106932
542,abancay,-13.63,-72.88,59.32,56,79,4.52,PE,1597106932
543,kidal,18.44,1.41,84.58,56,0,10.74,ML,1597106932
544,dunhua,43.37,128.24,74.93,80,100,7.25,CN,1597106932
545,primorsk,46.73,36.34,71.1,58,0,9.86,UA,1597106933
546,presque isle,46.68,-68.02,77.0,73,1,4.59,US,1597106933
547,hobyo,5.35,48.53,74.64,80,92,27.42,SO,1597106933
548,gucheng,35.91,111.32,85.32,54,100,4.7,CN,1597106933
549,sao jose da coroa grande,-8.9,-35.15,72.99,83,8,10.27,BR,1597106934
550,lotofaga,-13.98,-171.86,82.0,83,34,23.58,WS,1597106934
551,concordia,-31.39,-58.02,62.01,41,100,11.99,AR,1597106754
552,iracoubo,5.48,-53.2,78.93,84,35,9.73,GF,1597106935
553,menzelinsk,55.73,53.1,50.0,93,0,6.71,RU,1597106935
554,palaia fokaia,37.72,23.95,79.0,38,0,5.82,GR,1597106935
555,xam nua,20.42,104.04,76.51,70,100,3.0,LA,1597106935
556,cagli,43.55,12.65,75.2,36,0,2.42,IT,1597106936
557,ozernovskiy,51.5,156.52,55.53,81,24,7.87,RU,1597106936
